Polarity,Subjectivity
0.2386956521739129,0.5785869565217392