Polarity,Subjectivity
0.2972319339320124,0.5559531334609947