Polarity,Subjectivity
0.22861031746031735,0.5394912698412699