Polarity,Subjectivity
0.2767474096119929,0.525576499118166