Polarity,Subjectivity
0.0,0.0
0.0,0.0
0.0,0.0
0.0,0.0
0.4333333333333333,0.7333333333333333
0.16666666666666666,0.5
0.0,0.0
0.0,0.0
0.0,0.0
0.7,0.6000000000000001
0.0,0.0
-0.3,0.6
0.0,1.0
0.10000000000000002,0.3833333333333333
0.5,0.5
0.10000000000000002,0.3833333333333333
0.5,0.5
0.08125,0.40625
0.10000000000000002,0.3833333333333333
0.7,0.6000000000000001
