Polarity,Subjectivity
0.2438988095238095,0.5421130952380951