Polarity,Subjectivity
0.78,1.0
0.2,0.3
0.0,0.0
0.35,0.5
0.0,0.0
0.6916666666666668,0.7333333333333334
0.36000000000000004,0.5025000000000001
-0.26,0.52
0.0,0.0
0.0,0.0
0.7,0.6000000000000001
0.255,0.595
0.0,0.0
0.0,0.0
0.0,0.0
0.7,0.6000000000000001
0.7,0.6000000000000001
0.0,0.0
0.7,0.6000000000000001
0.7,0.6000000000000001
0.0,0.0
0.49,0.65
0.0,0.0
0.0,0.0
1.0,0.3
0.6,0.9
0.5,0.5
0.27708333333333335,0.46041666666666664
0.4,0.75
0.0,0.0
