Polarity,Subjectivity
0.14193548387096774,0.5392473118279569