Polarity,Subjectivity
0.459784946236559,0.5747311827956989