Polarity,Subjectivity
0.382038451744334,0.5707201426024958