Polarity,Subjectivity
0.36681250000000004,0.601283950617284