Polarity,Subjectivity
0.3055360623781676,0.5166959064327485